lgarcia;Lucía;García;lgarcia85@gmail.com;15/3/1985;Uruguaya
matilo;Matías;López;matias.lopez90@hotmail.com;21/8/1990;Argentina
maro;María;Rodríguez;marrod@gmail.com;10/11/1988;Uruguaya
javierf;Javier;Fernández;javierf93@yahoo.com;5/6/1993;Mexicana
valen25;Valentina;Martínez;vale87@gmail.com;25/2/1987;Uruguaya
andpe12;Andrés;Pérez;anpe92@hotmail.com;12/4/1992;Chilena
sicam;Camila;Silva;camilasilva89@gmail.com;30/9/1989;Uruguaya
sebgon;Sebastián;González;gonza95@yahoo.com;18/1/1995;Colombiana
isabel;Isabella;López;loisa@gmail.com;7/7/1991;Uruguaya
marram02;Martín;Ramírez;marram@hotmail.com;2/12/1986;Argentina
